{"file_hashes":[{"block_hashes":["tkf0y3xYK1hw8ivZkxsMlQ6ZVfIEtLfI5md25hxjXJE=","H4CdEaiW4EmbqE8DhEZPnGzsSEZOmhJmlGAdHAWlXpg=","tqhY98OyBlLOEp8uORQa6FnaB4BzojQoSxCUctIN7Mo=","ygHFGb70ObCl3SfhjzhgBg7LVEqLfAYWc1NGh1977WY=","R/LgRl6E5iB9CLLLpNrZZjMM2dPpJ6gYh6cqqUFyZoM=","5ojU3g+YiJ24zE3T1psqSsHi1jzaI7uAFmwcAkKCPcw=","MFciXp0XK3ecwyymEtFBUtpuoSlcqP+lT4TD74mQsww=","chNTsfMB7iLQCo9UusnvnKkrPuowKWmtZTwZm94DCp8=","iE0fyE+y+a091qsIv4LrI97wf03R18FGuqGGrxxglNc=","D1SlF5b65umpPI4X/wijefuMaYHezfaLZjm6rcKOyc0=","k6QP021By0YfcYqt4L+Wfhp2oeGda+TR+QvjNCiuO3U=","SnyVNUc0zbRQTl+ubXHhvhXHyI4Liv/av7Ko4o4jeDQ=","1riBbh9P9tFfqaErMaX7ZGmZFqmEOnfGBGT3GPF267E=","oGX4gKW3OpA1EJQCMmgffRBLW7xjkAfpYFVsytGsXM4=","oU7QLbCXBcBnNysA4z+4ErWogRLkNGXXcpmu0rgScPo=","WSOjFj6XQVVevuTJ19jFR3JIwxkIgaPos7BugKymji0=","Ybtx+fFVFGGRovI46SHCe8aIFtOuplCfThIPk1ZJJ6s=","J8BoKe2E9UQmj/MCYoYBaWnxyHcfgx9kF8MPVAQUEZY=","xO7uX8I6/wmRkOVXU5taRglAnMX4iiat5MS53jfj14k=","melRvOgkxEAA03p1Y2VsvHuBI0OWo3p3xww7Eqow/Qc=","9GN0GIbZ7LVVrFKxcH91onPxaVq2b4gJYfFF83EZxp8=","CYqRJp1rDML7wGDvlVHDyV3KdHXfJyadbE5/LMejD4g=","vofCJJJ6aM81dP2q0mfHtuWpuDqTO4hzEhM+Fpd+/NE=","pNNGeGe99u9x4FkGaP+2nEFNRcf1uIfnANgkTJGf+sM=","B5r7+I73mhDwux6zH81LksDFT45jHnyw2TSdbB5Cc7M=","wWVlLgESrEw1W0yyx/QlZZHVVxqGpdqT4fCa3YdAw7U=","KJJMeFkPGbPkje5sf/aLNm+TAuz7tk8xvFfl1Au++OE=","IiyEf+EcY2kTs2d3MOZiU/nRJ8FBWAmrjUatH2NaJ3E=","WNnMpfWK0zU+dbrpmL7ey9d8pGU5HKRjilc+petG/3E=","H5G29R4wko4+dW0U58kpl+r7Ockh2tTz9B+D4LwN8oU=","Epozo+V96Lo3tAXJO2Vcn763NKIB3MUQU0zWAQB9I60=","6qvDSSCdofDAW3kPF1QE33Xv9Vfq2MImTCuYis51G5M=","VZI/T4l4B5JhsHIr0vsfUiVvi+o6AE20VeeuwfN6YWc=","adlWzRlQyGobMJkJgmTlzfie/Mdw23mTT0g7bNLM9Y8=","AKkUJGZY9txnIzo7ABvi0N467A7pbAtzVmreUKepjUM=","0Bds+U6FLhecMO70vcv6FRYUNXX9FT1AlItpq6U0ACc=","6LuENyD/dKzGPhsmHVEXRLofJ+sDD0UHAyhjvuPGJQw=","LKKXLNOPP0+sglX/u5L1PFF4oc4qR3hJO5WzI80+ot8=","jz4qFYOtQlR1sP/zW3ylCnp/eH6u8QmUDHfYpp+7N/s="],"block_size":4096,"path":"build/backend.js"},{"block_hashes":["XWsWr+L75WVDsBWK+LUnILAb1qldk6Gb+kyTX4iVFOI="],"block_size":4096,"path":"build/background.js"},{"block_hashes":["CBviBFCw00w//8iGUI49M/uO2Ia+eatiRY46ocu3GwA="],"block_size":4096,"path":"build/contentScript.js"},{"block_hashes":["NVaP71gp5O+kYFdBoj0peu5O5FvvLctWvcSuk4hufb8=","ISye+JLIr7MRshT78mfONvSTum9WH5X4WuM7iivBxrM=","1waAxF+fT7n1mWHlYoIFVc0HM2aZdBtpIvj/vwMDU9g=","2+7bWPrpvexaeoIPyxP0Ph4uOkoOXrXtR0RSmMvxmbw=","cfpCM4p4EJhf1+wPq29aLfYLi6tixsDgCSubUAnv1lU=","d5kIuf5Auf4JDBMzpeqdzwQCAg5VTdBjVPYPI7f6xNA=","+5ivnS23Ul0ImnzRXVLdWy/YG0c8xbUsY0N0f2JwYKo=","B/WeOsENPVMiHUQ1C8ylbvCeFzWtCNo7Xenvf9iYRPA=","wwSDYF+DvXjljcF3qa/PCO7HKg4kg9V9390sKJH5AbI=","W4GdOGGClWL80yl58Ulmpdd0vmh5ytiZvjmSKr6Bk+o=","U+yKDZeG5fSDvrfx+N/LAmgLjfLWzWqqJWE5VjgDZE8=","tGZjN5wK8YF1zIlWG7AO47OxnsCdVwD1TWQd9t0dsLU=","uZVy4xh/wNBLKUcTp42c2aAtzt92IHbZlhkSI8F7LkQ=","odJ2+lzCnspy2+VvgYmPSXULBvOZDoa1m0zMFDwcG5c=","4DczLcwh4rmqRJgeLQDeZCOrsX8DFZZW2QgV7HQCFpk=","Cq+cgAjbSb+vkXNuS5xuK4NXrYt6gCGei3cBQnRlt5Y=","cbC62UT4fr2AUjmUoZInhUxYsPOcZyfstDcQ/PNg3no=","QQOyjqHQU7Jz7U6XkN1a09Riet+pMu+QYW5yCnZgVDA=","yrhTHGKTrkBchuuLQBmBMeN0aRwgWINgNIkOJIktFQU=","xWnU+6tHxZmqwHzPYeffOoT7q8HNIw9hqqjzLIY9I30=","k65xILu0Zhw64u6oB7XCRZ5txe8jhXvwTqRsI2MIqG4=","QBcwNO3cw1CAZ8GuScYl1SArSntwOdWx9ptNzi8sTV8=","/NoWGH2HQEi2oTUbkdmKoJ0DlgJmAyVewcXpsn8py0g=","2aiJT1VZ560ns54PiqRi2NfnJEL65B3yVO9+rexXiO0=","OGQEXc/9KSxc2Z867vcf+te8/+bfy4P85/D/zDzznR4=","Lc7FTkUj3DG+mrc+W6+IxAIiyINLflNj5bD22Hl0L0c=","uRKnMuc8aLVjzx6JlgxlLpDu1CcpMEMPMGqds5BUTTo=","IvX9aSh61fU4aF7jwOe1wBKR590E0RTOBEskVKD1jMQ=","91FGYzXDXW9RjzG7V9x3b57q1jAL2J7LUF6KAWwkXe4="],"block_size":4096,"path":"build/injectGlobalHook.js"},{"block_hashes":["7r88EZXipn3qAuhC77NgPGUett14pKunAl5i+cXsCLM=","aQn4x364UXeiMv1rMQ2P/4xOSR4oO//Akmq+/iusyNI=","XVDqoLoNlQX+4i0FTIbBS+xcAKQS65hQOYiqgjeaDm4=","sLXC5f/f0/AOZYhDRpAvLzucy7E/eNGFGI6mJ6y/g68=","q5GX3mNpLNmTM8Jt2+ShhFLO0H+7FHkUKsBkQGvWXzo=","vMycfGbTNdt+iHzNxUeEpdGfk5ooUwlV1mJ2N/KoSyc=","yqNONIY0vhN+h67S1mRGNBOwkJ+nMNPbtE9wXK23nT8=","UfyIK26JwJ2Rk6iw7PXIqPQSi3+ygSebbtlvnDhJe6Q=","L/xQqRfPZVBe8N5DrIg41QK3gDbsZWhpPcZWzGILTxg=","D3G/0ptRUBpl3lBZ4J9n1XUOcXk3sk0gn2d3nXInKDw=","sJUaWkUrGmRQshIkpQsf9xAVHvhAUu8ArSiTuljsTYs=","k8UtPN0hqYaCm35SBmWTDNajmO0HOZBtueLNe1CTs5c=","LsC8898sQeviXBLknBFEzJzj3GfwDpJYPtSLEm51wG8=","QVkErlDDzSjSDBJq/p4irMRYBzuIv0HRtj/0Q9sdjFg=","8OwvowgfL/EqU46Vhsi1jllPBkomYjkw5rd6sb4vEiQ=","jApJrKoN7HuYYkqf6ehximA2T1GpDLRW+vCaDRcmA/8=","0b7WIRtriLnIR1YB2rOfsH6MNRBkGQVmYXrIuOysWfE=","VsIyeIh2N2Vc2Tz4m0N9bJqG8oKiRAYjfFz1Kf6qWbQ=","YdFh3loYfUP3CNP59x2jsRc9dS/8DJ0VnB04kpBIlnQ=","wiGWen1Vs2OzojOjIWDQFPL1TjybNfMODBuCItOZq1g=","CY0TnolyFMgMlYbn2UInoX7bibFQX5ybj53/sY7bmrs=","6voxP6adIo9x18K6LIq64VoKyKTLc+ueO8L1waMaLrA=","ey/Mb6tJIGCvGu1QS+G3yOXLlhfZ45ofBVwmGnLXz7s=","2T3YThd8szAXyHnnybTxT0Vu5aeWcDW40SI8dY1ivLw=","bmu6hoZ1aqAiIticu+B0awJg34rsMlES6Vt63sHBpsQ=","DL75KwKd1cShUYq6V4yHDoYnwAtaVDiUyqTuHsAOh04=","I/f2Zy41HFwZ+3JDE1obWT8KD1M+U9APQuM0VKAyZG8=","qH1ZZ7WtcNfPOvIxl1WKfIVSM/uERo+Jvu2bQyS8MUo=","z3pRz524zNfTNmAvAd0MjhSAMHlKtGPleEviKlfpNOo=","z4y7uhOA0DEGaUWVLXxO8xdCCtCU9LO0/0U0H40pwMA=","WXyDOnSGkxyDEJhphgiwZLjrYmPemqNllVDyuTZHX7E=","uDjZNYv9LD6KKa+rOwyz7QqTW1F6RyuqeMF2H48E7VQ=","sbNsKpgg0LAxuJ8CvyZrjKnertlNEf5zkL786v8BUgI=","Iju+O9LqXrjPFjMW2ZLaXUw0BXBMDv4mRvGJMRKgGJE=","ab9oYNJRH/S98tb32AUObUM7T8FyODWolxcu7I0CmQg=","6/DhTz5f6/0tkboy0bQQgRRC9CUv0qeCYg7tuKjlo1I=","kkum+2EnkcfeiG01GGJZBJOjWv9CO/c/fJX1yCQODF4=","RORKRuy4FJFn799xt/+dChrk0+BrYfEMg10zSG7GIac=","TOtL9GCWLYyW0yVLcoOfLuIc0nWs7pQnOCxx3T2Ur7A=","zx1XgFbquTnLyljL/fiO9rQfPC2E6fy+JuPd3zJi9P4=","0gbeJPEtHzH5u0RrVKEUuH01NpKdM0R0BCYZtS5AnMI=","ayaSjH/kn7bQ0WlQ7gARHhl9tt7P1F97vBpuDbUG+q8=","AsM8CBYfEpT/Ip89N59qlYJFLPWCDVk+/r4pH9z8VIU=","tI46Dus/406R0OacNmKF3i8DupUxgV2PnSjn2QzK/LA=","PVB5gwI6ME73aLaXx6iJ77aPGZodkSRHN0fs2/l2vSo=","S3vExlKHJLgrl/g0nkHER4zYJ2LMCDbOHA3mEHm+WxY=","CEUaUQzgty6wUCxh+ehckWkmc2sj3pekk38R0HZ1TjM=","bB+xhsv6EjSMtvJg4tj6vWXUgMG32lYDcBBWNXn5Nlc=","MJYNTTs9oyyTPxnH5/rbweRErwk8Rx7zxgYPS2IN4Os=","qPqXNYiw2ZqvKR64wAMunbwgioo5qG/in/zJzXntPCc=","y7WOamyLeUBWf81BMkPIoVYYDMlKMv1ECLpyyw3zbqw=","uzWPvv/FOR8OKpJZLR0tUFEKQrb7VXB7Tn401ccLzUM=","1DJgAHYCiM+Qeoyo9RzjxvXcfGfkGrstFwQVDYMqPq8=","scaZtOj3G773IEL+kBMjwqVGqK7YKv+DN1D3SlaMm7I=","mXepgo0YlYFA9BqLx6v9NZKSSn3SDsLvT4mz2RSKOZ8=","hI7auc+YspXYvzOOeB4kkjyS9xRp56HM40T0RDWvvF8=","YclxE7Pxch9o/gnfx4bV+5Dczy2t/bC9hU7OIFEd03M=","zFVlhmGuD3HX/mheqVRKpb2rtBBtMxa8q4taiuBY2jM=","pNQGcrabxRQBEl1HBrMhajPUwRclprrHC1zYALLUXMg=","ETZC+jb6hHKC10Tj7HbOGWzGC8GeiM+3k32QGby3yw0=","/BHqaCcuFubmDRI57zmn/jtREFyxLoIvpdfglp7A4X4=","zDPD4gdTxdszui2vE1zGLthB+Alj/WkjQgACAjwjYkI=","/IakEkPzrMLWRO5N0Tu6NS1fwoF9CYs8HDiYTvODynA=","0KPntZJKaMgRupHY4/ObQg3CMPdopMNqRcuTGkZwT6w=","O+zZ5JRkIP6DQ++BsSJKBeniQaajwYyCqhHy3ZLo5fM=","Uhb5momfNk8zQLE19a1zdYI4By4l7nCqMBmS8sWYfDE=","lahIy6++aLl16elQ8lbvoUFC25NVyHcSxYpz1VSJl7M=","4rtRUWcvn5J5IlaG10OFH+JeE4fWhOQ3GfyUKTVS+7k=","dWglLB30WGk9GX/fm1SJpKyUx495MpunI/ktNZ1SW/k=","rkJDeY2h3P4nsS1NvstmMnEd8zFKQpIFWdaavtjAkAw=","z7Z6241PInJjLQ1rdZ4qhpZY7TrDJxhfsDBIu22jCB0=","s+8oWZbRO5cgIy7SIghFXsUK+apTqz+hgczt121rv44=","DKbb1FkKZdMMorM6vDJsWg+JxrqVLA49y/XLzrA0IXg=","WLEr029XdpCbU2GJQy/QwLS5Mgb7W/JjPoTCHR+g6CA=","WS7ojdpQhScLhFQxtxgKXyvkfu/5KTi+L6k+kkPnICs=","wqk1JFqS4ydQ75206Y9UApE44kU9hr546zK+HCE9yUs=","05wVLqATMAZqosBVrEuRXq/p08kJSt38yDZwFLcCU3g=","e4OafkjOW8buQOwmwkNEOrGLtT824dkW6zWF2JXIuOI=","+OKV+RhZ+oomVUT5/ckWT+iQVY94J6u/BZwoo+92/3Q=","22lAw2DCrY4Bpk1SbKyHqW6MEAxilJG5z+4B9yUQGxc=","r3bXFMapZleT4eovn1QA0MaXMADTyRoZ2qq8OR1w3gI=","OKX1JL+evz4RnDP3/YiWpLVErO94un5zVQ1Tubo0070=","ZYUINtuGJOTU0ythkH/B1xfkERgZlbF4LzOVo2m59DM=","X0zIiR+7YqeSaIcdDRWTdE8Rv9AtQ/b9WGl7htxAG+c=","mtYQQ5fCyOdxYC3zyBl1dlCPuWRde2urhHZBUmhMKo0=","d+dDbSNDaTQdlvh/OYk/VMtrTzAFpj1c79C6ooYLMXs=","H/7TupBBBdgaCPinmPzOmi4K+TwEgIKehhT0hYUVKto=","x9ZJhXAUne8j8UNXlKxMfox/zpw9AcfiNK35aaAWiqE=","qiuRCa8W2DvsMgKlc5lXppgj0U5e9kc47jWxkyeq340=","/z/gRupn32PoMlWecxp3A7v9wnpcGQ8/zw887CbTDic=","G1uJnohhqTp1gGN54FlBUPREuinSlO7b977k5HOjGKM=","TMrRhostsrsOoDR1dMDDXzItupOI8gj1Chwwk3WzQjQ=","PgpYCrNxyUDMQxk3jgwDov3Kg8bsF+2qFI5XumdrbZQ=","xOZKVG63GOOXvpPp/mx1Zh8K3bhIQhCCjnefUk6BVtk=","FovEgmYuiLKbuUUT1I2JfxqJ0uokudD1X/+nJfZXQnI=","CpTtM+FTjp7IshtL3+eGnT6IYNQKCbrLcyTKhnm+wOg=","1AaQ6ye9Nh47Qg2GtZoalf5JluzQ6zO9loSS2gFs4+Q=","TETb/FgSxG5gnDHKUBT57wA1iEFeiQHE9Tjpm2D+tYI=","7Idv8NfTFqmDJRbnBM/VRuC/TttCwzOXu7HRhKsWIKc=","2uu93JC/9UtcFqQJdiMeEss7FR54in/3d0hN+l2OO8o=","gTnW9oJJb5x23juMFpBZqwprt2JrN2UjZF8Nu5nw89Y=","a7IEtGJ3nDFN/5MHCFjS+DJfUOzjSMBXj2zqlGzgwN8=","gAnMkrwX9fPpsijmHtdJdH9aqOFnIyOcltcRYEtYmO0=","WKpGH0WUOMoE+8tBAPgrdL7hitTSdlyGNCWkJvyLGyI=","0UXnZzqROM737Q+CP77bjx3WJCDFqGpTBGhhOt32bQg=","NceZiXgcL2kxXk95YH50nsd3b7OPc5tr6iigoAbanVE=","OnQWa6pq/r6NzsxlrD1QEdKDN8l1umKI6yv3Wb5ZZDY=","nLeRvD8pYZY2diyU06PiAyZY6dZUwisKVJ0tnO9h7kM=","IrXYXa/7Y+SdD5QuX9aQW9zLmG9gWNRvq0qfDwBcxag=","zc7h/JWQlUnUoOhowSgrjXUTFYZjvG/BcOpv+3w6XMg=","POs8XnC1qoSYnKz3u4s4oQBd089b4OwPjDNUDiUUjhU=","6g+EBtLBjhc2pEuSxDd1cKSjv8+8I/GKu/2Xrg+Ah20=","Hwxuz18azZL680HgPIVExg9g8YIMkuyLuGA8GetApbs=","nWeQ8jQ4tAaCvv1gnABHz3Mmmix1fvRcv3/dTdM+BPg=","b/lkspoWhE37HUxLge470lss4tac5vbBj89RhZWMm/E=","FEuLMPzs1XwMZi77/qrrztdrGh0JoKtfA2tww6gsgtk=","cABLBHBwFSRtAKA4oaOVSxn9ExpIiIs2IdzUiFFCCmw=","LeqjA4G80vOCohLMyRsuyYmg1X582gj8AHlTLEjrVDc=","7rnO3nV2YrsTnGDymvuSMcJFBCw7P9zXk2QFdPojFJ0=","KMsqSwDIyhoRi0dyJMu8zSO4bTmxoCz440hrI0r9t6A=","RQSUPMcKZMgq4Dozxo9LNoKya/OeD+hcV3TIqpBiOl8=","rg17xmiyqFQRAyBiqciommNk4932vNYdEEPExykvp98=","RUnR3DXgppODZIRaBTDGb6ocv7kHZCiGFPnPLzS6oOU=","ONSXs/O6fsOiykISgm29L0HLjXAqCxidz3Jfsm7x8Vc=","h3RxL3vnQOtINEf3Lrq3gFj2PR9k6yJhKnr7FC34p64=","N7XcRMCKEsJHj7buTKBpLYBKKlRdbWMIZ313+IRQBRI=","J9rkx0pOXTBdZxzngKT1j/n0aQrNNhmL/yPXUFVhOTU=","TJi8k2+hC99Fu2HK5zzBB6vJr3OrM9qFxhzXisCJar8=","rb1I/CTJ9x6AhLgF9bw5vm4DQ6/i+HWFhoNs5YL6skI=","Z3bYk3lwkIYpbQHNjafmi8/bp7CGPYZe2BhaUnKHyNk=","K4vkE2F1VrSu/t3S2fJ87DMbGCfkiq6Jj6RFGS3MWjI=","gYN2T3+SoA545WjN375dn/D3u0jmUeibheEHMyX40Fg=","DIhCCagHuMVsRscEIEX7a6mmydqANo9Q4eH47NkkvH8=","J07ikFxki49VRxB8jU+lshKZ2JwSwu+CyehhlBvuXYY=","mjOfe2xrxaOcd8nKce9+ovfBmnfbtScGTh28kTfNj50=","LKcwginIpSw2JtKZoi6SvggdDlvLvBg68iT5i8buHLo="],"block_size":4096,"path":"build/main.js"},{"block_hashes":["5x4coSjT5mMrpK+6KxcHauqlSSOkgb+4zbUjeQOHZLM="],"block_size":4096,"path":"build/panel.js"},{"block_hashes":["xtRTmWCGzLQCB9NmfZTfjHBj5Pz0YFSq8E0UK4Z9orY=","wiOLy2zPG3S2VkaI1knHiFB+g0nLfv140JllHoDjGiI=","PApNoLJynNTWCt7B6xUeC3brfrPcP+rv61u+VgLIm2A=","VopnsyH4ApEmAMokILoVtQ1RaajvHp6T8YV7aed6OOQ=","WxPuzNVv1qNTsyiNY+itmZ+JA6rsDQzeY3tObR3kGhc=","aSCZ3UISmt11ixOLoLy2Xxp8d1Raolo01i+DYj2N1tE=","BXByjLGamNbBptWWMSI7vm3BIWT4+/YTr9n/+2+fEZI=","Yv/qXRZPHEnSQvhC9W4Z9b/ttx3tJi9iekmRDdUr9qk=","FnRaEreAvB7w7E7GHxL6pd7ESmgw9G5cFkKOrG2aDPY=","md4LG859f+yyp8R1N2K3z0XiyseaeG8bIMeYYntmywY=","OqDTsN01ZBvphoR4quNNQSlrt/nCG2sQo2CFPtaEN1g=","fv+6S61dv9dwQUAkEoAtrp83iYWGxJR09hCs2bJJYnY=","y4X+jqIFx1tZ/ckZyWfCKO/l+RHrTGkSLnY/JY4cdGY=","DpMuo+jmlP9zTvkLbOOYX5Bmv1E6G9tgU5HNPJ6cL0Y=","6LW2bTs+QKvnPZOF3pqhch5sdTHnUxWaTsx2lc+JKJM=","4h+p6Q+9kcw3DvOa9ajVQ9kS2kJzVP8xadkqWQ4iT2s=","mBZmZsHCrQrqGL2Is2gil3iLbFzyfDnQs3wVF9E8cZg=","AYkqAq9YMjrjqZyAytEQqJKM5iNa1bI7igF7mudz8bc=","K5EVB1SiSpXgWt3qibBzkZSDtUqnyOcdyPwQaRMzZ2o=","eDWzwC/f7XluIjsXE3/MEsioNkQetj6tVutVIEwheCI=","k65xILu0Zhw64u6oB7XCRZ5txe8jhXvwTqRsI2MIqG4=","QBcwNO3cw1CAZ8GuScYl1SArSntwOdWx9ptNzi8sTV8=","0VyGX2PwiRYjgxTGyzan6tEOUuUxHifN9IZcENnH4MQ=","Jy9lN4px56BfD4uDdhfEXPynHuBzEGzBRvbcV2VqZT4=","y+GzQcEEe2Dww52FLhVvIRDFOKsoEDWBIWeZklAnoqs=","FCahFHt+YXJSirwPtbtuTv9nFK8u1mNLgcV1+ulaE44=","wWOojqIbX5xTMB5sgLCG4rLylGgsBCohCV4XmgnyCyQ=","OEA0ExJllRtN2R0T5WG/W+NEMY8xgGiwYaA2se0ORPQ="],"block_size":4096,"path":"build/renderer.js"},{"block_hashes":["0WTveHSmUeTH421fRTviI8iDjkFwqvSP/ZrygTnn9Jw=","jluXLKeIDib585A6U3L9OuR6achfXG7jkQKTaWss4Lg="],"block_size":4096,"path":"icons/128-deadcode.png"},{"block_hashes":["0WTveHSmUeTH421fRTviI8iDjkFwqvSP/ZrygTnn9Jw=","jluXLKeIDib585A6U3L9OuR6achfXG7jkQKTaWss4Lg="],"block_size":4096,"path":"icons/128-development.png"},{"block_hashes":["o48eP1/U+UzYPhyduXRBFq4ENdhDJXgIayXQZKhEQE4=","PCo9+9BpXREZrg2b1B35OB0d31pPebAj8u+mKC/kDvg="],"block_size":4096,"path":"icons/128-outdated.png"},{"block_hashes":["0WTveHSmUeTH421fRTviI8iDjkFwqvSP/ZrygTnn9Jw=","jluXLKeIDib585A6U3L9OuR6achfXG7jkQKTaWss4Lg="],"block_size":4096,"path":"icons/128-unminified.png"},{"block_hashes":["/bxiVxniBpe1DnBH1tk4CjXdajwxkP3hRnpHd5DALEI="],"block_size":4096,"path":"icons/16-deadcode.png"},{"block_hashes":["/bxiVxniBpe1DnBH1tk4CjXdajwxkP3hRnpHd5DALEI="],"block_size":4096,"path":"icons/16-development.png"},{"block_hashes":["/EWeZHyZk064lP2X/cY2GpquGBHjzCqNy3Vtsv1/5aE="],"block_size":4096,"path":"icons/16-outdated.png"},{"block_hashes":["/bxiVxniBpe1DnBH1tk4CjXdajwxkP3hRnpHd5DALEI="],"block_size":4096,"path":"icons/16-unminified.png"},{"block_hashes":["99Z6YdK/lL9iQYyMUHIpOVRSWJ6nYAD62lxRCk0/dSI="],"block_size":4096,"path":"icons/32-deadcode.png"},{"block_hashes":["99Z6YdK/lL9iQYyMUHIpOVRSWJ6nYAD62lxRCk0/dSI="],"block_size":4096,"path":"icons/32-development.png"},{"block_hashes":["BVKH+nq22PyP7Kf/eAqXx7U3S9g32F+p+lqUQ56pFl0="],"block_size":4096,"path":"icons/32-outdated.png"},{"block_hashes":["99Z6YdK/lL9iQYyMUHIpOVRSWJ6nYAD62lxRCk0/dSI="],"block_size":4096,"path":"icons/32-unminified.png"},{"block_hashes":["gGrqVraNIx7bz3IZm3t1BqopXHTTAOmwFSxzqtXhfB8="],"block_size":4096,"path":"icons/48-deadcode.png"},{"block_hashes":["gGrqVraNIx7bz3IZm3t1BqopXHTTAOmwFSxzqtXhfB8="],"block_size":4096,"path":"icons/48-development.png"},{"block_hashes":["xtV8STAVn6W52Yp9h2qtwGrGrW9x+71GE4QFg26zFoo="],"block_size":4096,"path":"icons/48-outdated.png"},{"block_hashes":["gGrqVraNIx7bz3IZm3t1BqopXHTTAOmwFSxzqtXhfB8="],"block_size":4096,"path":"icons/48-unminified.png"},{"block_hashes":["rMZnMyVDzUkQl7KB/TW9Sb9DV2jUyyq49Xl0AHJ1YxM="],"block_size":4096,"path":"icons/deadcode.svg"},{"block_hashes":["rMZnMyVDzUkQl7KB/TW9Sb9DV2jUyyq49Xl0AHJ1YxM="],"block_size":4096,"path":"icons/development.svg"},{"block_hashes":["J5MQwt/ocfP2qHXvPVz7iSLTf67rnBJ+wxKu6+HFHNM="],"block_size":4096,"path":"icons/disabled.svg"},{"block_hashes":["193k33vjSLNB1NgMqH4i+R76axGyy+UmUTSIbhZvSJI="],"block_size":4096,"path":"icons/outdated.svg"},{"block_hashes":["EPxpqHAOHG9pQKG1rXzTIfcvq/jMF1SLQGx5oTdbaP8="],"block_size":4096,"path":"icons/production.svg"},{"block_hashes":["s79DjXDmvx7mgrHVMrjhwrg4Y7IF2wbnQLDruCKhTYM="],"block_size":4096,"path":"main.html"},{"block_hashes":["IBOJOrDxkA2AFuIHOB2A2e+8h1EhWVG5FOUWpK3TIH4="],"block_size":4096,"path":"panel.html"},{"block_hashes":["tY9nebihaW1ci6Sp145Q4Lzg4domea0HN2DViOaR1wk="],"block_size":4096,"path":"popups/deadcode.html"},{"block_hashes":["TMglvEuiHNawPnQ8So63R8ZGLJEbMBysgMn2nIHHOeg="],"block_size":4096,"path":"popups/development.html"},{"block_hashes":["rykbMMLQs9Ot4RZSYAvXH5krR0O/6Xj1GYOpoZWEHO0="],"block_size":4096,"path":"popups/disabled.html"},{"block_hashes":["t/JRhu72t1uCSI+kb3Z2BUbjMo5PQA+eMDzW2qYU+qw="],"block_size":4096,"path":"popups/outdated.html"},{"block_hashes":["OjKcAlBNs0ff9W+0OyRXnZ3QafqG5Qte+QpSChpgqFY="],"block_size":4096,"path":"popups/production.html"},{"block_hashes":["AL5S+xVzC+PtK0/BeGFUZ6w05nbr+2+wO0Rz6PQDY5s="],"block_size":4096,"path":"popups/shared.js"},{"block_hashes":["UfWEBughXP6z3U2eK1LryzJTBr2aNnuoToqTSQpvFLo="],"block_size":4096,"path":"popups/unminified.html"}],"version":2}